customer_id,age,gender,region,monthly_spend,support_tickets,last_login,subscription_type,churn
1001,25,Male,West,450,2,2026-01-05,Premium,No
1002,34,Female,East,700,1,01/10/2026,Basic,No
1003,29,male,North,,5,2026/01/15,Premium,Yes
1004,45,Female,south,1200,0,15-Jan-2026,Premium,No
1005,31,,West,500,3,2026-01-20,Basic,Yes
1006,52,Male,East,1500,7,2026-01-22,Premium,Yes         
1007,22,Female,North,300,1,22/01/2026,basic,No
1008,38,Male,South,850,,2026-01-25,Premium,No
1009,27,Female,west,400,4,2026/01/27,Premium,Yes
1010,60,Male,East,1800,10,2026-01-28,Premium,Yes
1011,41,Female,North,950,2,,Basic,No
1012,35,Male,South,700,6,2026-02-01,Premium,Yes
1013,29,Female,East,450,1,2026-02-02,Basic,No
1014,48,Male,West,1300,8,2026-02-03,Premium,Yes
1015,33,Female,South,,3,2026-02-04,Premium,No
1015,33,Female,South,,3,2026-02-04,Premium,No
1016,24,Male,North,350,0,2026-02-06,Basic,No
1017,55,Female,East,1600,9,2026-02-07,Premium,Yes
1018,39,Male,West,1000,2,07-Feb-2026,Premium,
1019,28,Female,South,500,5,2026-02-09,Basic,Yes